Question,Answer
1. Differentiate between all-electric vehicles and plug-in hybrid electric vehicles.,"All-electric vehicles do not have conventional engines but are driven solely by one or more electric motors powered by energy stored in batteries. Plug-in hybrid electric vehicles (PHEVs) use batteries to power an electric motor and use another fuel, such as gasoline, to power a conventional engine."
2. Describe the role of regenerative braking in electric vehicles.,Regenerative braking allows electric vehicles to capture energy normally lost during braking by using the electric motor as a generator and storing that captured energy in the battery.
3. How does the range of an all-electric vehicle vary and what factors influence it?,"The range of an all-electric vehicle varies according to driving conditions and driving habits. Extreme temperatures tend to reduce range because energy from the battery powers climate control systems in addition to powering the motor. Speeding, aggressive driving, and heavy loads can also reduce range."
"4. Explain the process of ""fueling up"" an electric vehicle and describe the different charging equipment types.","Electric vehicles are ""fueled up"" by charging their batteries. There are three main types of charging equipment:

* **Level 1** chargers are the slowest, and typically add 2-5 miles of range per hour of charging. They can be plugged into a standard household outlet.
* **Level 2** chargers are faster, and typically add 10-30 miles of range per hour of charging. They require a dedicated electrical circuit.
* **DC fast chargers** are the fastest, and can add 100-200+ miles of range in 30 minutes. They are typically found at public charging stations."
5. What financial incentives are available for installing charging stations?,This document does not contain information about financial incentives for installing charging stations.
6. How do the emissions of electric vehicles compare to those of conventional vehicles?,"Electric vehicles typically produce fewer emissions than conventional vehicles. All-electric vehicles produce zero tailpipe emissions, and PHEVs produce no tailpipe emissions when in electric-only mode."
7. What safety considerations are associated with electric vehicles?,I cannot find the answer to your question in the text you provided.
8. Discuss the maintenance requirements and expected battery lifespan of electric vehicles.,"I'm sorry, but I cannot find any information about the maintenance requirements and expected battery lifespan of electric vehicles in the document you provided."
9. What factors should fleet managers consider when implementing electric vehicles?,I cannot answer this question because the provided text does not specify what factors fleet managers should consider when implementing electric vehicles.
10. Describe the additional considerations for medium- and heavy-duty electric vehicles.,I don't have that information.
11. What is the difference between AC and DC power in the context of electric vehicle charging?,I cannot answer this question because the provided text does not specify the differences between AC and DC power in the context of electric vehicle charging.
"12. How does wireless or ""inductive"" charging work in electric vehicles?","The document you provided does not mention wireless or ""inductive"" charging in electric vehicles."
13. What are the benefits of electric-drive vehicles compared to conventional vehicles?,I cannot find that information in this document.
"14. Explain the concept of ""life cycle emissions"" in relation to electric vehicles.","Life cycle emissions refer to the greenhouse gases and other pollutants emitted during the entire lifespan of an electric vehicle, from its manufacturing to its disposal. It includes emissions from electricity generation, fuel production, vehicle production, and end-of-life disposal."
15. What is the relationship between electricity prices and the cost of fueling electric vehicles?,I cannot find the answer to your question in the context provided.
